站点代码,数据时间,气温,气压,相对湿度,风向,风速,降雨量,能见度
58015,20230706154300,30.1,1025.3,80,189,7.7,1.3,10459.5
58102,20230706154300,9.4,1021.6,95,104,12.4,0.3,10202.7
58118,20230706154300,21.7,1019.6,83,274,7.9,0.7,10458.9
58122,20230706154300,17.4,1018.3,77,212,8.7,1.1,10124.3
58203,20230706154300,8.5,1024.6,25,218,5.1,0.7,10441.9
58215,20230706154300,32.9,1008.7,3,315,7.3,1.4,10248.4
58221,20230706154300,19.9,1002.4,79,166,7.0,0.7,10453.1
58225,20230706154300,4.9,1004.8,78,125,11.1,0.8,10069.8
58236,20230706154300,9.8,1023.7,91,215,9.3,0.9,10050.9
58311,20230706154300,14.4,1017.5,39,265,14.4,0.9,10341.2
58314,20230706154300,21.8,1011.9,67,107,6.8,0.9,10181.1
58319,20230706154300,19.0,1008.7,96,181,9.7,0.3,10440.8
58321,20230706154300,11.1,1015.5,36,1,13.4,1.0,10267.7
58326,20230706154300,7.7,1021.8,50,304,13.6,0.5,10088.4
58336,20230706154300,8.0,1021.4,84,100,4.8,0.5,10393.5
58338,20230706154300,11.8,1007.5,1,118,1.2,1.3,10493.8
58414,20230706154300,31.1,1017.4,79,272,10.2,0.3,10425.3
58419,20230706154300,3.6,1008.8,32,246,6.7,1.4,10467.8
58424,20230706154300,15.5,1016.5,69,325,6.1,0.5,10344.2
58429,20230706154300,11.2,1023.4,47,0,8.4,0.4,10119.0
58436,20230706154300,24.8,1022.3,57,121,2.9,0.2,10159.7
58437,20230706154300,23.3,1024.7,87,232,11.1,0.7,10085.0
58520,20230706154300,18.0,1008.8,44,65,10.0,0.3,10155.2
58531,20230706154300,1.3,1019.2,39,225,7.8,0.2,10095.8
54406,20230706154300,31.4,1010.3,22,32,5.3,1.2,10102.7
54416,20230706154300,18.3,1002.6,19,318,9.5,0.7,10050.2
54511,20230706154300,5.8,1012.3,57,338,0.3,0.8,10140.6
58725,20230706154300,15.5,1017.1,14,309,0.5,0.2,10491.7
58730,20230706154300,13.3,1022.0,42,87,7.3,0.9,10015.3
58731,20230706154300,12.9,1007.3,32,172,13.1,0.4,10272.0
58734,20230706154300,27.7,1024.3,68,245,2.2,0.5,10150.0
58737,20230706154300,27.7,1024.5,19,113,0.6,0.5,10145.8
58744,20230706154300,21.3,1006.3,28,56,10.3,0.5,10268.5
58754,20230706154300,27.8,1006.8,45,347,8.4,1.4,10488.8
58818,20230706154300,11.7,1017.6,26,126,8.0,1.1,10335.1
58820,20230706154300,25.4,1006.6,56,261,5.6,1.5,10228.3
58834,20230706154300,6.4,1003.4,98,207,13.7,0.1,10032.6
58837,20230706154300,29.2,1004.2,61,250,12.2,1.2,10061.1
58843,20230706154300,0.8,1011.0,22,248,7.1,1.5,10002.9
58846,20230706154300,15.3,1015.8,42,267,2.5,1.4,10153.1
58847,20230706154300,33.3,1023.9,76,218,0.3,0.4,10498.5
58911,20230706154300,29.0,1010.6,33,34,7.5,0.7,10040.2
58918,20230706154300,34.7,1014.2,19,208,7.7,0.0,10353.1
58921,20230706154300,15.0,1023.1,59,104,14.2,0.1,10356.1
58926,20230706154300,26.9,1005.4,95,22,2.5,1.2,10454.6
58927,20230706154300,18.0,1017.2,81,160,9.3,0.3,10473.7
58931,20230706154300,22.0,1015.7,80,79,10.4,0.1,10107.6
58933,20230706154300,23.3,1006.8,68,306,4.5,0.6,10405.6
58936,20230706154300,13.9,1023.9,63,128,14.0,0.2,10393.1
58944,20230706154300,6.6,1001.7,79,276,6.6,0.9,10255.0
59113,20230706154300,16.1,1016.4,77,251,2.6,0.6,10091.2
59126,20230706154300,23.3,1014.2,82,146,8.5,0.9,10349.4
59133,20230706154300,28.2,1023.3,98,61,2.2,1.2,10038.2
59134,20230706154300,6.5,1002.0,79,81,8.4,0.3,10326.8
59321,20230706154300,10.0,1018.7,97,301,12.8,1.0,10113.1
52323,20230706154300,5.4,1004.3,3,299,1.0,1.2,10424.4
52418,20230706154300,24.8,1011.5,17,300,9.3,0.1,10442.2
52424,20230706154300,26.8,1006.4,62,353,7.1,1.1,10266.1
52436,20230706154300,30.5,1012.8,89,177,4.2,1.0,10055.6
52446,20230706154300,17.0,1012.3,77,17,4.6,0.0,10451.0
52447,20230706154300,0.9,1008.1,12,287,0.1,1.3,10107.9
52533,20230706154300,34.6,1001.9,48,164,0.3,0.5,10283.1
52546,20230706154300,32.4,1009.8,73,109,9.9,0.7,10034.1
52652,20230706154300,34.1,1000.5,70,4,9.5,1.0,10391.9
52661,20230706154300,24.1,1023.6,47,310,5.7,1.2,10195.0
52674,20230706154300,16.0,1016.8,42,107,11.7,1.4,10290.9
52679,20230706154300,2.0,1016.2,83,216,2.8,1.2,10430.1
52681,20230706154300,27.7,1017.9,36,20,12.4,1.5,10347.8
52787,20230706154300,32.1,1003.6,15,83,11.9,0.7,10231.1
52797,20230706154300,7.7,1025.9,82,77,10.4,0.0,10332.3
52884,20230706154300,2.3,1000.7,33,325,13.2,0.5,10294.1
52895,20230706154300,21.2,1000.7,28,9,9.7,0.5,10322.2
52983,20230706154300,2.3,1014.6,75,35,14.9,0.3,10104.0
52984,20230706154300,31.8,1019.9,46,227,0.5,1.4,10022.8
52986,20230706154300,5.9,1013.9,100,164,3.9,0.9,10330.3
52996,20230706154300,12.1,1012.3,38,165,8.8,0.0,10162.9
53821,20230706154300,8.5,1018.8,55,38,12.9,0.1,10443.3
53915,20230706154300,13.0,1008.4,24,359,14.5,0.7,10111.4
53923,20230706154300,15.1,1014.0,27,342,7.0,1.3,10007.2
56074,20230706154300,26.1,1018.4,32,144,2.3,0.3,10378.3
56080,20230706154300,21.3,1006.2,96,18,1.1,0.6,10087.2
56093,20230706154300,24.2,1006.7,93,313,14.3,0.1,10152.8
56096,20230706154300,3.8,1016.7,76,289,1.8,0.6,10257.7
57014,20230706154300,29.0,1012.7,47,91,10.3,0.7,10069.4
57996,20230706154300,2.8,1013.8,27,131,6.6,1.1,10484.4
59072,20230706154300,7.9,1010.1,35,73,5.5,0.0,10211.2
59082,20230706154300,4.8,1018.1,33,307,11.4,0.5,10192.9
59087,20230706154300,33.4,1011.5,18,234,3.2,1.5,10043.6
59088,20230706154300,3.5,1025.5,60,126,9.5,0.8,10185.0
59096,20230706154300,1.3,1018.0,70,342,9.8,1.3,10459.6
59097,20230706154300,0.4,1001.4,84,284,10.0,0.5,10014.7
59107,20230706154300,16.6,1017.1,5,240,4.1,0.0,10048.6
59116,20230706154300,22.5,1018.2,95,42,0.9,0.7,10108.0
59117,20230706154300,0.4,1006.4,98,168,14.4,0.1,10052.9
59271,20230706154300,9.5,1024.0,51,21,8.9,0.1,10147.2
59278,20230706154300,4.1,1002.3,43,298,2.6,0.5,10028.6
59280,20230706154300,21.7,1018.2,69,312,2.1,0.4,10090.4
59287,20230706154300,23.0,1007.3,60,277,12.7,1.3,10080.9
59289,20230706154300,7.4,1017.1,22,221,3.8,1.0,10093.6
59293,20230706154300,7.7,1024.1,67,0,14.1,0.4,10471.7
59294,20230706154300,21.7,1004.8,54,286,13.3,0.2,10028.7
59298,20230706154300,25.4,1016.5,69,57,11.0,0.3,10461.5
59303,20230706154300,4.0,1015.4,84,36,0.2,1.4,10095.9
59304,20230706154300,24.0,1021.6,24,9,0.9,1.4,10177.1
59306,20230706154300,10.0,1024.0,57,309,8.0,0.9,10100.4
59310,20230706154300,6.3,1017.0,28,240,9.8,1.0,10394.5
59316,20230706154300,16.0,1004.9,16,10,4.6,1.0,10381.8
59317,20230706154300,4.8,1012.8,7,351,2.5,1.0,10199.5
59324,20230706154300,18.4,1017.0,91,177,14.0,1.5,10154.9
59456,20230706154300,2.0,1009.1,42,276,7.4,0.3,10499.2
59462,20230706154300,2.2,1011.1,24,282,8.3,1.2,10125.7
59478,20230706154300,32.9,1025.7,84,357,3.0,1.1,10134.4
59485,20230706154300,0.5,1026.0,98,172,0.0,1.5,10076.0
59488,20230706154300,34.2,1000.0,81,315,9.7,0.5,10455.1
59493,20230706154300,32.1,1016.8,80,313,14.4,0.0,10368.9
59501,20230706154300,2.7,1026.0,96,138,3.4,0.4,10233.2
59658,20230706154300,16.4,1001.7,54,112,7.2,0.1,10141.8
59663,20230706154300,12.3,1016.5,60,325,3.5,1.2,10006.1
59664,20230706154300,23.2,1000.0,57,25,0.3,0.2,10378.0
59673,20230706154300,24.9,1019.1,68,59,8.8,0.6,10066.8
59754,20230706154300,2.2,1008.8,97,337,5.5,1.0,10274.4
57947,20230706154300,17.8,1025.8,86,193,4.8,0.6,10083.0
57957,20230706154300,18.6,1020.9,97,298,9.4,0.6,10408.1
57958,20230706154300,4.9,1022.4,82,49,14.7,0.4,10457.6
59021,20230706154300,28.6,1026.3,100,50,2.1,1.5,10492.9
59023,20230706154300,17.7,1023.4,35,197,10.2,0.1,10242.4
59027,20230706154300,5.3,1015.5,66,309,11.0,1.1,10110.0
59037,20230706154300,10.6,1013.5,23,286,9.9,1.0,10297.0
59046,20230706154300,24.6,1010.8,26,144,2.1,0.4,10085.2
59058,20230706154300,19.5,1008.6,17,22,13.0,0.3,10479.2
59065,20230706154300,13.5,1018.5,50,210,9.8,0.5,10339.9
59209,20230706154300,26.0,1024.2,98,156,2.7,0.2,10319.1
59211,20230706154300,22.8,1018.5,28,356,6.0,0.4,10247.5
59218,20230706154300,3.2,1006.4,99,147,13.0,0.6,10107.9
59228,20230706154300,1.3,1020.4,26,50,0.2,0.5,10080.6
59242,20230706154300,5.2,1007.3,2,112,5.5,0.9,10175.0
59254,20230706154300,13.4,1001.4,67,132,12.9,0.8,10328.8
59265,20230706154300,4.0,1003.9,68,54,13.8,0.6,10296.8
59417,20230706154300,6.8,1002.4,9,3,7.6,0.6,10415.4
59431,20230706154300,8.0,1015.3,8,102,11.3,1.2,10494.2
59446,20230706154300,27.1,1022.5,86,295,9.9,0.9,10265.1
59453,20230706154300,33.1,1016.6,46,171,12.5,0.3,10478.3
59626,20230706154300,1.3,1017.1,32,223,8.7,0.4,10115.2
59631,20230706154300,26.3,1012.6,32,143,11.1,1.0,10028.2
59632,20230706154300,7.4,1015.3,70,347,8.8,1.4,10119.5
59644,20230706154300,4.0,1005.0,41,311,4.1,0.4,10349.2
59647,20230706154300,21.8,1022.3,64,181,6.6,1.3,10422.5
56691,20230706154300,25.3,1012.6,41,9,9.7,0.0,10298.1
56693,20230706154300,1.0,1009.7,16,146,5.1,0.9,10268.7
56792,20230706154300,14.1,1014.1,56,11,3.7,0.8,10008.2
56793,20230706154300,33.0,1024.9,73,169,13.7,0.7,10137.4
57606,20230706154300,20.3,1000.9,19,176,13.7,1.1,10300.8
57614,20230706154300,23.6,1016.5,65,216,0.2,0.8,10039.9
57625,20230706154300,20.5,1025.7,93,357,10.9,0.2,10059.9
57647,20230706154300,34.8,1011.3,56,88,6.2,0.7,10255.9
57707,20230706154300,34.9,1015.5,12,124,6.1,0.3,10261.0
57710,20230706154300,34.9,1000.3,56,305,8.3,0.8,10358.6
57712,20230706154300,3.7,1012.9,36,33,6.3,0.6,10026.1
57718,20230706154300,27.4,1015.2,88,122,6.0,0.1,10267.8
57722,20230706154300,17.2,1006.4,79,313,11.6,0.4,10111.8
57729,20230706154300,2.7,1024.2,100,196,6.5,1.5,10228.8
57731,20230706154300,5.0,1013.1,83,67,7.5,1.3,10311.8
57741,20230706154300,8.9,1014.0,89,355,4.7,0.9,10471.4
57803,20230706154300,30.9,1019.0,44,333,13.9,1.3,10318.2
57805,20230706154300,0.7,1017.2,70,95,13.4,0.4,10396.7
57806,20230706154300,14.9,1020.1,89,99,6.7,0.1,10187.4
57816,20230706154300,24.5,1025.1,29,116,10.1,1.3,10016.2
57825,20230706154300,25.0,1012.1,13,81,8.7,1.4,10180.6
57827,20230706154300,12.8,1002.3,24,16,8.0,0.7,10451.2
57832,20230706154300,1.4,1000.3,11,225,2.6,1.2,10305.8
57839,20230706154300,24.3,1003.0,98,310,9.2,0.5,10497.7
57840,20230706154300,19.5,1016.2,5,18,10.3,1.5,10109.8
57902,20230706154300,34.2,1022.4,95,191,11.2,0.6,10061.0
57906,20230706154300,9.4,1025.2,47,120,7.0,0.8,10422.1
57907,20230706154300,19.6,1012.9,18,181,3.0,0.7,10399.3
57910,20230706154300,32.4,1011.0,78,171,9.4,0.8,10366.0
57912,20230706154300,24.9,1012.2,81,12,11.8,1.1,10405.6
57916,20230706154300,18.2,1025.4,56,136,5.1,0.8,10205.6
57922,20230706154300,27.1,1025.1,8,187,1.1,0.6,10233.2
57926,20230706154300,14.3,1018.7,90,109,3.2,1.1,10307.4
57932,20230706154300,7.8,1016.1,60,188,1.0,1.5,10452.6
59758,20230706154300,22.8,1022.9,36,170,3.3,1.3,10366.1
59838,20230706154300,3.5,1006.9,62,108,14.5,0.3,10175.8
59845,20230706154300,25.8,1004.4,16,113,10.6,1.4,10285.0
59849,20230706154300,14.1,1019.4,55,339,8.5,1.3,10099.9
59855,20230706154300,9.5,1015.6,85,155,6.2,0.2,10163.9
59948,20230706154300,24.5,1014.1,69,172,4.0,0.9,10462.3
59954,20230706154300,3.8,1025.2,10,116,4.1,1.0,10455.3
59981,20230706154300,0.0,1019.1,86,181,3.5,0.3,10185.0
53399,20230706154300,12.1,1003.7,23,88,9.8,1.5,10193.3
53593,20230706154300,16.2,1004.4,64,180,11.5,0.9,10292.9
53698,20230706154300,10.6,1008.5,19,64,0.3,1.0,10423.4
53798,20230706154300,34.6,1012.0,27,176,6.6,0.7,10325.9
54308,20230706154300,30.2,1002.0,51,5,13.3,1.4,10355.0
54311,20230706154300,28.3,1011.1,15,226,14.7,1.1,10349.0
54401,20230706154300,31.3,1011.2,85,239,9.2,0.0,10315.4
54405,20230706154300,14.5,1010.8,35,34,11.9,0.6,10058.5
54423,20230706154300,8.7,1025.8,33,241,13.3,1.4,10081.3
54429,20230706154300,31.8,1016.9,60,2,5.7,0.5,10122.8
54436,20230706154300,5.5,1020.8,22,138,1.0,0.0,10336.6
54449,20230706154300,0.3,1018.3,52,280,4.7,0.3,10080.9
54518,20230706154300,26.8,1011.7,70,5,4.0,1.3,10395.2
54534,20230706154300,32.6,1000.2,83,64,11.1,0.1,10155.8
54535,20230706154300,26.8,1025.3,17,305,11.1,0.0,10244.4
54539,20230706154300,12.4,1000.6,8,127,1.9,1.2,10341.7
54602,20230706154300,11.8,1026.4,74,246,2.3,0.7,10452.2
54606,20230706154300,26.4,1024.9,77,230,4.1,0.0,10357.1
54618,20230706154300,25.4,1022.3,1,214,12.1,0.7,10183.1
54624,20230706154300,23.4,1016.3,2,188,6.9,0.8,10088.0
54705,20230706154300,23.8,1025.0,33,79,7.4,1.3,10415.1
53898,20230706154300,19.8,1023.2,99,94,14.8,0.4,10254.5
53986,20230706154300,34.1,1004.0,0,325,8.5,0.3,10350.6
57051,20230706154300,10.6,1013.9,0,272,11.7,0.7,10178.8
57067,20230706154300,28.6,1000.7,10,86,11.7,1.1,10234.6
57071,20230706154300,29.4,1003.6,64,94,6.8,0.4,10019.1
57077,20230706154300,16.8,1004.0,92,179,1.2,1.0,10379.8
57083,20230706154300,14.7,1004.2,1,205,11.1,1.5,10392.7
57084,20230706154300,32.8,1003.1,45,256,11.3,0.3,10068.7
57089,20230706154300,18.3,1026.2,22,249,11.1,0.7,10086.5
57091,20230706154300,28.1,1013.3,81,320,1.0,1.1,10116.5
57156,20230706154300,12.2,1025.1,4,119,10.3,0.8,10382.8
57178,20230706154300,26.4,1003.1,2,104,0.8,0.4,10397.5
57181,20230706154300,2.3,1021.2,90,276,12.2,1.1,10441.4
57193,20230706154300,8.5,1013.7,43,216,14.5,1.5,10429.6
57285,20230706154300,10.8,1001.6,59,140,1.0,0.8,10023.4
57290,20230706154300,6.3,1004.5,14,80,8.1,1.0,10400.6
57297,20230706154300,28.9,1014.2,53,353,9.6,0.8,10228.0
58005,20230706154300,27.0,1011.4,5,225,8.1,0.7,10435.5
58111,20230706154300,12.8,1017.6,52,36,6.7,1.4,10003.9
58208,20230706154300,7.9,1000.3,31,213,11.0,1.3,10022.7
50136,20230706154300,34.2,1017.7,6,243,3.1,0.6,10022.5
50246,20230706154300,7.9,1025.5,79,330,5.9,0.5,10070.6
50247,20230706154300,9.0,1009.6,96,89,7.7,0.0,10169.5
50349,20230706154300,9.7,1015.5,34,326,7.1,1.1,10489.2
50353,20230706154300,13.1,1016.2,61,73,14.9,1.4,10119.3
50442,20230706154300,33.0,1023.7,77,149,11.3,1.1,10041.4
50468,20230706154300,22.2,1008.5,64,35,11.7,0.0,10416.9
50557,20230706154300,19.4,1001.8,41,301,3.1,0.8,10029.2
50564,20230706154300,0.2,1016.7,77,103,6.6,0.8,10287.4
50656,20230706154300,6.5,1007.0,76,117,1.2,1.5,10445.3
50658,20230706154300,17.7,1003.6,95,162,6.3,1.3,10193.7
50674,20230706154300,13.0,1023.1,14,337,2.6,0.2,10338.9
50739,20230706154300,15.7,1005.0,76,129,14.0,0.2,10068.3
50742,20230706154300,10.6,1005.9,3,24,9.6,0.0,10127.0
50745,20230706154300,6.0,1022.3,45,128,4.6,0.3,10252.9
50756,20230706154300,16.0,1010.5,27,102,14.6,0.8,10476.5
50758,20230706154300,22.5,1005.6,91,282,13.7,0.0,10008.6
50774,20230706154300,17.9,1006.8,94,85,12.4,0.7,10300.5
50778,20230706154300,2.0,1008.8,36,103,5.6,1.1,10428.8
50788,20230706154300,30.3,1003.8,20,175,2.9,0.0,10136.0
50844,20230706154300,7.7,1021.9,80,2,1.2,0.3,10077.2
50853,20230706154300,20.1,1017.2,77,290,5.6,1.4,10221.6
50854,20230706154300,33.2,1010.0,99,63,8.0,0.0,10197.3
50862,20230706154300,18.6,1026.3,57,171,11.6,1.4,10069.2
50873,20230706154300,19.7,1023.6,4,335,5.0,1.3,10292.1
50877,20230706154300,1.4,1012.2,62,256,1.1,0.7,10020.1
50888,20230706154300,31.7,1006.3,11,300,9.0,0.0,10420.4
50950,20230706154300,2.0,1021.4,40,209,10.2,0.6,10292.5
50953,20230706154300,32.1,1007.9,95,160,9.2,0.7,10015.6
50955,20230706154300,4.2,1022.4,69,16,13.8,1.5,10257.9
50963,20230706154300,14.9,1002.2,54,209,12.2,1.3,10265.1
50968,20230706154300,16.5,1018.3,6,285,14.8,0.9,10053.1
50973,20230706154300,30.2,1007.9,40,153,6.5,1.0,10225.6
50978,20230706154300,0.7,1010.4,29,21,1.3,0.2,10283.1
50983,20230706154300,5.3,1020.1,58,352,6.5,0.9,10115.5
54094,20230706154300,33.7,1012.7,33,332,12.6,0.6,10215.2
54096,20230706154300,12.6,1011.6,51,28,7.2,0.3,10304.2
57251,20230706154300,18.7,1003.2,12,294,13.6,0.9,10137.1
57256,20230706154300,30.1,1009.4,22,164,8.2,1.5,10143.0
57259,20230706154300,9.7,1004.6,54,236,8.8,1.3,10303.6
57265,20230706154300,21.6,1019.5,26,172,3.9,0.3,10063.4
57278,20230706154300,16.1,1004.2,60,211,0.6,1.5,10439.4
57279,20230706154300,4.3,1004.5,4,6,13.6,1.4,10252.6
57355,20230706154300,21.8,1001.3,95,177,8.9,1.4,10136.6
57358,20230706154300,27.9,1010.2,95,158,6.5,0.2,10341.1
57359,20230706154300,0.6,1025.3,7,19,11.2,1.0,10318.8
57363,20230706154300,11.9,1006.9,94,164,4.0,1.3,10124.1
57378,20230706154300,12.6,1014.0,67,297,0.8,1.3,10263.4
57381,20230706154300,34.9,1018.3,72,168,3.7,0.7,10094.1
57395,20230706154300,20.2,1006.3,37,160,10.7,1.2,10029.7
57399,20230706154300,22.1,1023.2,50,292,14.6,0.2,10256.2
57439,20230706154300,33.8,1011.0,73,25,10.2,0.8,10048.8
57445,20230706154300,11.2,1001.1,10,311,12.4,1.3,10356.1
57447,20230706154300,31.3,1025.9,33,128,2.8,0.7,10445.2
57458,20230706154300,8.7,1018.4,97,128,0.1,0.7,10301.0
57461,20230706154300,19.7,1021.0,80,206,2.1,0.0,10273.1
57476,20230706154300,22.5,1001.4,84,38,11.7,1.3,10448.3
57482,20230706154300,29.3,1012.5,64,146,12.5,1.2,10246.7
57483,20230706154300,10.5,1004.1,22,2,7.5,0.7,10343.7
57493,20230706154300,17.6,1001.3,10,134,1.6,1.3,10445.7
57494,20230706154300,28.9,1020.3,11,84,0.2,1.2,10370.4
57545,20230706154300,7.1,1026.1,28,134,8.4,0.5,10014.7
57573,20230706154300,26.1,1024.4,100,256,6.1,1.4,10120.0
57581,20230706154300,8.6,1025.7,69,183,10.2,0.4,10048.0
57583,20230706154300,21.8,1014.8,54,357,7.6,1.2,10020.0
57595,20230706154300,28.1,1017.2,58,242,8.3,1.2,10230.1
58402,20230706154300,6.9,1014.5,84,0,13.9,1.3,10231.4
58407,20230706154300,0.2,1021.5,45,269,7.2,1.5,10057.9
58500,20230706154300,2.4,1020.2,65,315,2.0,1.0,10338.4
57554,20230706154300,9.6,1012.6,88,167,6.8,1.5,10111.8
57562,20230706154300,0.3,1000.2,92,333,11.9,0.5,10392.2
57574,20230706154300,31.1,1006.8,53,353,3.8,0.8,10352.3
57584,20230706154300,11.2,1023.2,62,127,6.4,0.3,10143.2
57642,20230706154300,13.4,1018.1,28,353,1.7,1.3,10477.1
57649,20230706154300,3.5,1016.0,87,161,0.9,1.3,10356.1
57655,20230706154300,27.9,1024.3,57,102,2.9,0.9,10392.3
57662,20230706154300,16.7,1025.4,32,140,6.1,0.0,10141.1
57669,20230706154300,7.8,1017.2,69,194,12.3,1.5,10079.3
57671,20230706154300,24.1,1022.9,96,278,2.6,0.6,10079.3
57673,20230706154300,18.6,1019.3,74,37,13.6,0.1,10252.1
57679,20230706154300,21.7,1003.2,53,127,1.6,0.8,10032.8
57682,20230706154300,27.8,1001.0,71,98,6.7,0.3,10152.3
57687,20230706154300,19.2,1009.9,18,83,3.9,1.2,10072.9
57745,20230706154300,31.7,1010.6,37,303,3.4,1.5,10376.7
57749,20230706154300,2.3,1004.5,4,80,11.2,0.2,10468.3
57752,20230706154300,22.9,1012.1,87,109,12.3,0.8,10055.0
57758,20230706154300,34.2,1000.9,42,95,1.4,0.3,10322.1
57761,20230706154300,20.5,1014.9,98,12,3.8,1.4,10315.5
57766,20230706154300,27.4,1022.3,85,197,12.3,0.0,10298.5
57774,20230706154300,3.7,1005.3,64,326,6.6,0.0,10093.1
57776,20230706154300,34.0,1016.9,92,184,8.6,0.6,10370.5
57779,20230706154300,5.2,1017.2,100,287,5.9,1.4,10246.0
57780,20230706154300,9.7,1003.0,42,251,4.5,0.8,10081.3
57841,20230706154300,7.0,1006.0,99,358,13.8,1.2,10343.9
57845,20230706154300,20.6,1003.5,71,206,10.5,1.0,10140.5
57853,20230706154300,9.3,1015.7,87,275,5.2,0.8,10019.1
57857,20230706154300,26.1,1011.0,55,350,7.7,1.3,10450.8
57860,20230706154300,12.3,1005.3,2,163,1.5,0.1,10050.4
57866,20230706154300,20.5,1008.5,29,341,0.0,0.6,10158.7
57872,20230706154300,20.7,1016.6,24,272,3.1,0.1,10356.5
57874,20230706154300,23.3,1021.9,49,6,7.1,1.1,10380.1
57889,20230706154300,29.8,1012.7,50,233,5.7,0.8,10441.5
57965,20230706154300,22.4,1005.0,0,329,1.5,0.4,10297.8
57972,20230706154300,6.8,1002.8,89,97,7.7,1.3,10473.2
57974,20230706154300,10.8,1000.0,83,183,3.9,1.1,10067.3
50936,20230706154300,6.0,1014.1,65,198,1.8,1.4,10176.8
50945,20230706154300,2.7,1026.3,19,341,0.4,1.1,10265.7
50948,20230706154300,12.1,1021.7,34,161,7.0,0.7,10230.9
50949,20230706154300,34.7,1008.8,20,217,7.3,0.2,10481.4
54041,20230706154300,6.2,1006.2,77,222,14.5,1.4,10208.1
54049,20230706154300,31.3,1006.5,81,12,2.5,1.0,10227.9
54063,20230706154300,23.1,1001.1,6,123,8.3,1.2,10183.6
54064,20230706154300,20.4,1014.3,89,53,1.3,0.4,10221.6
54142,20230706154300,3.7,1014.5,72,191,2.2,1.3,10173.8
54157,20230706154300,1.8,1023.0,86,353,4.2,0.8,10114.9
54161,20230706154300,16.8,1001.4,100,239,10.5,1.5,10210.6
54165,20230706154300,33.9,1011.1,35,125,13.4,1.4,10308.0
54171,20230706154300,14.7,1024.8,71,16,4.8,0.9,10470.2
54181,20230706154300,7.0,1003.2,21,230,14.7,0.9,10420.6
54186,20230706154300,4.0,1024.7,58,310,11.3,1.3,10245.1
54195,20230706154300,21.8,1011.4,70,159,12.5,1.5,10141.9
54260,20230706154300,31.1,1016.7,78,211,13.0,0.0,10070.1
54263,20230706154300,18.0,1011.6,71,241,9.3,0.9,10190.6
54266,20230706154300,29.3,1022.0,21,355,3.9,0.5,10387.5
54273,20230706154300,5.2,1000.1,63,33,7.5,0.6,10327.6
54276,20230706154300,5.3,1001.2,35,204,12.7,0.4,10326.5
54284,20230706154300,25.9,1012.8,94,30,12.0,0.6,10101.3
54285,20230706154300,26.5,1007.3,7,78,0.0,0.6,10279.4
54286,20230706154300,19.0,1018.3,76,4,3.6,0.1,10474.7
54292,20230706154300,31.4,1000.7,27,357,5.7,0.3,10391.5
54363,20230706154300,18.6,1004.6,46,275,10.9,1.2,10037.7
54374,20230706154300,28.1,1025.8,32,247,11.8,1.5,10377.6
54377,20230706154300,11.9,1023.5,7,211,1.0,0.9,10259.7
54386,20230706154300,19.9,1007.7,98,53,6.2,1.1,10390.2
58026,20230706154300,6.9,1008.7,34,55,11.5,1.2,10178.2
58027,20230706154300,12.6,1008.0,83,258,11.1,1.2,10467.9
58038,20230706154300,27.9,1017.8,16,250,6.0,0.5,10237.8
58040,20230706154300,22.3,1006.2,69,192,10.9,1.0,10233.0
58047,20230706154300,7.1,1008.3,99,282,4.7,0.2,10437.6
58130,20230706154300,21.4,1025.2,55,160,11.7,0.0,10304.4
58135,20230706154300,22.8,1004.8,36,240,14.4,1.0,10457.6
58138,20230706154300,10.4,1023.4,25,289,6.6,0.5,10023.5
58141,20230706154300,27.8,1005.7,61,331,11.2,0.5,10330.8
58143,20230706154300,31.1,1002.5,7,215,14.9,0.3,10462.3
58150,20230706154300,31.8,1005.7,21,217,4.8,1.3,10464.9
58158,20230706154300,14.2,1007.0,79,208,0.7,0.3,10182.7
58238,20230706154300,22.3,1010.1,59,293,2.3,1.0,10143.8
58241,20230706154300,8.7,1024.1,93,98,7.3,0.6,10376.3
58251,20230706154300,7.2,1013.9,68,181,13.3,0.3,10346.2
58252,20230706154300,18.1,1008.3,80,13,4.6,0.2,10393.9
58255,20230706154300,25.5,1014.6,100,148,0.2,0.3,10392.9
58259,20230706154300,22.8,1025.7,63,25,8.9,0.2,10092.6
58265,20230706154300,16.2,1022.9,30,227,2.8,1.4,10289.8
58343,20230706154300,31.2,1011.3,34,13,3.4,1.3,10276.4
58345,20230706154300,3.0,1018.6,7,177,0.9,0.9,10056.3
58354,20230706154300,6.4,1024.7,24,202,14.2,0.2,10068.4
58356,20230706154300,18.3,1000.3,1,115,1.5,0.5,10497.2
58358,20230706154300,14.5,1012.4,65,47,9.3,1.2,10324.5
57598,20230706154300,32.7,1004.0,96,49,4.9,0.9,10486.7
57696,20230706154300,26.0,1001.9,99,354,14.8,0.7,10287.8
57789,20230706154300,4.0,1004.5,32,303,3.6,0.7,10423.3
57793,20230706154300,5.3,1025.5,63,138,2.2,0.8,10339.7
57799,20230706154300,26.5,1013.1,89,324,1.4,0.7,10401.8
57894,20230706154300,26.5,1024.9,19,165,1.8,1.4,10286.0
57896,20230706154300,21.6,1023.3,17,97,8.9,1.2,10158.3
57993,20230706154300,7.7,1007.5,66,152,2.2,1.3,10441.8
58506,20230706154300,19.4,1023.1,91,61,13.7,0.3,10106.9
58507,20230706154300,20.1,1026.3,68,78,9.2,0.5,10205.6
58519,20230706154300,11.2,1019.8,89,269,11.1,0.0,10306.1
58527,20230706154300,25.2,1023.1,18,301,11.3,0.2,10266.1
58600,20230706154300,28.5,1003.5,93,202,11.6,1.2,10447.8
58606,20230706154300,20.5,1017.8,27,149,7.6,0.7,10400.1
58608,20230706154300,6.9,1019.8,34,233,0.3,0.3,10354.1
58622,20230706154300,1.6,1009.7,47,51,14.3,0.3,10230.8
58626,20230706154300,15.6,1008.6,74,203,13.8,0.6,10200.4
58634,20230706154300,15.4,1007.7,20,221,4.2,0.6,10439.0
58637,20230706154300,27.1,1000.9,19,122,10.2,0.5,10008.8
58705,20230706154300,10.7,1015.6,43,54,2.3,0.6,10477.9
58715,20230706154300,31.8,1010.4,92,144,12.2,0.7,10099.2
58718,20230706154300,31.0,1008.7,53,26,4.2,0.6,10286.4
58806,20230706154300,8.4,1013.2,88,127,6.3,0.8,10435.3
58813,20230706154300,26.6,1022.6,13,135,11.7,0.7,10290.7
59092,20230706154300,9.2,1019.6,1,290,13.1,0.0,10002.9
59102,20230706154300,15.5,1018.2,15,176,0.7,1.4,10267.2
54236,20230706154300,4.9,1007.5,98,223,14.4,1.3,10150.0
54237,20230706154300,25.8,1000.2,2,246,9.5,1.3,10228.0
54243,20230706154300,31.2,1010.1,34,254,4.8,0.1,10080.5
54254,20230706154300,23.1,1023.2,51,326,11.7,0.8,10492.5
54259,20230706154300,22.4,1016.4,37,83,1.5,1.1,10024.4
54324,20230706154300,11.1,1019.5,72,261,4.0,1.0,10466.2
54326,20230706154300,18.5,1009.5,27,348,10.2,0.4,10069.6
54333,20230706154300,10.0,1025.5,93,103,10.5,1.3,10478.3
54334,20230706154300,7.4,1011.9,12,150,3.4,0.5,10498.0
54335,20230706154300,25.1,1003.0,57,42,14.1,1.3,10278.0
54337,20230706154300,13.1,1020.8,37,256,14.8,1.2,10498.8
54339,20230706154300,10.0,1002.2,33,32,5.0,1.0,10472.5
54342,20230706154300,10.7,1011.5,77,293,14.5,0.1,10430.1
54346,20230706154300,7.9,1009.5,71,152,12.0,0.7,10194.3
54349,20230706154300,16.3,1000.5,39,14,1.3,0.6,10142.1
54351,20230706154300,16.2,1008.9,36,44,14.9,0.2,10179.9
54353,20230706154300,5.1,1020.9,99,30,1.2,0.1,10170.0
54365,20230706154300,30.9,1022.1,98,50,9.8,1.0,10129.4
54452,20230706154300,12.1,1012.6,0,254,11.2,0.7,10036.9
54454,20230706154300,17.7,1015.7,57,91,12.3,0.7,10289.6
54455,20230706154300,22.2,1018.8,9,163,12.4,0.9,10438.8
54470,20230706154300,18.8,1004.3,60,307,14.1,0.2,10133.2
54471,20230706154300,24.2,1004.7,93,173,7.4,1.2,10474.5
54472,20230706154300,23.8,1011.9,55,317,9.8,1.2,10452.0
54476,20230706154300,12.1,1024.1,80,194,8.6,1.4,10108.7
54486,20230706154300,26.0,1004.5,75,279,1.8,0.3,10268.7
54493,20230706154300,1.2,1020.7,88,174,3.6,1.5,10343.2
54497,20230706154300,31.0,1001.2,14,340,0.8,0.7,10191.6
54563,20230706154300,20.6,1024.8,94,358,8.9,1.2,10429.1
54579,20230706154300,2.5,1025.4,21,138,2.1,1.2,10092.5
54584,20230706154300,29.0,1025.8,47,4,13.0,0.3,10482.8
54660,20230706154300,26.6,1004.3,69,329,0.2,0.3,10113.2
54662,20230706154300,6.1,1010.0,94,147,13.4,0.2,10276.2
50425,20230706154300,7.5,1004.9,24,83,3.0,0.7,10035.9
50434,20230706154300,5.2,1024.1,94,294,10.9,0.1,10475.3
50514,20230706154300,34.1,1000.3,68,330,11.8,0.1,10417.3
50527,20230706154300,7.0,1004.4,44,3,3.7,0.0,10476.0
50548,20230706154300,7.3,1007.5,17,18,4.7,0.2,10265.1
50603,20230706154300,12.7,1014.3,72,99,11.4,0.0,10323.1
50618,20230706154300,2.6,1019.4,61,289,8.7,1.5,10201.1
50632,20230706154300,10.7,1010.6,57,189,5.3,1.5,10160.9
50639,20230706154300,9.0,1001.5,58,73,8.7,0.0,10128.3
50727,20230706154300,33.4,1020.5,7,212,8.5,0.3,10147.0
50834,20230706154300,0.0,1004.9,89,56,12.8,0.4,10295.3
50838,20230706154300,21.7,1015.9,15,156,9.2,0.3,10022.8
50915,20230706154300,14.7,1023.1,87,77,2.3,0.2,10309.4
50924,20230706154300,21.1,1012.0,85,245,9.7,0.3,10219.5
52267,20230706154300,13.3,1006.7,74,113,2.8,0.2,10087.8
52495,20230706154300,25.8,1019.3,32,85,9.4,1.5,10218.6
52576,20230706154300,3.7,1015.9,99,264,13.5,0.5,10082.6
53068,20230706154300,0.9,1000.6,41,202,12.1,0.6,10267.6
53083,20230706154300,26.8,1026.0,16,281,11.8,0.2,10264.5
53149,20230706154300,34.8,1022.3,37,227,12.8,1.4,10332.8
53192,20230706154300,12.3,1013.5,45,132,8.4,1.3,10490.0
53195,20230706154300,2.2,1008.1,44,333,9.2,0.7,10240.4
53276,20230706154300,16.5,1002.0,90,94,2.1,0.7,10135.4
53336,20230706154300,29.1,1010.2,78,89,4.7,1.3,10251.0
53352,20230706154300,2.6,1003.6,34,181,7.7,0.7,10404.8
53362,20230706154300,26.3,1021.0,50,95,9.8,0.0,10188.0
53367,20230706154300,34.3,1014.4,82,238,13.4,1.0,10398.7
53391,20230706154300,15.5,1019.3,13,218,14.3,0.6,10316.8
53446,20230706154300,24.0,1009.9,93,208,6.1,0.5,10362.6
53463,20230706154300,29.0,1008.9,65,193,11.6,1.2,10117.1
53480,20230706154300,1.7,1007.6,90,120,2.5,0.1,10287.3
53502,20230706154300,5.9,1011.2,92,187,14.2,1.5,10112.5
53513,20230706154300,8.5,1012.7,42,168,13.6,1.0,10227.3
53529,20230706154300,29.9,1018.4,98,319,1.6,1.2,10371.5
53543,20230706154300,33.2,1016.7,28,331,13.8,1.5,10193.3
53547,20230706154300,21.3,1006.2,40,135,7.1,0.5,10201.7
53602,20230706154300,16.4,1012.3,76,191,10.5,0.1,10405.8
54012,20230706154300,24.3,1009.8,35,25,8.2,1.4,10126.3
54026,20230706154300,14.8,1025.4,99,43,10.7,1.1,10425.9
54027,20230706154300,29.7,1007.0,21,303,4.9,1.2,10106.2
54102,20230706154300,22.1,1021.1,98,87,8.1,0.7,10388.7
54115,20230706154300,28.8,1003.3,58,103,12.1,1.4,10215.9
54134,20230706154300,30.6,1020.5,29,324,0.4,1.0,10344.6
54135,20230706154300,26.3,1014.8,50,281,3.3,0.0,10221.7
54208,20230706154300,18.4,1026.1,24,75,13.9,1.4,10049.9
54213,20230706154300,2.0,1022.4,80,240,14.8,1.5,10186.1
54218,20230706154300,17.1,1019.0,89,127,0.5,0.9,10009.9
54226,20230706154300,20.9,1001.4,35,353,0.7,0.9,10136.4
53519,20230706154300,34.0,1002.0,10,287,3.3,0.8,10262.4
53612,20230706154300,32.2,1010.1,72,324,11.5,1.4,10195.3
53614,20230706154300,16.5,1002.7,16,67,7.4,1.2,10385.2
53615,20230706154300,22.9,1004.3,76,50,10.2,1.0,10479.9
53704,20230706154300,21.0,1022.9,66,172,5.7,1.5,10393.0
53705,20230706154300,19.2,1009.3,76,285,1.9,1.1,10084.7
53723,20230706154300,18.7,1009.5,35,322,2.4,0.2,10424.5
53806,20230706154300,19.8,1008.8,29,147,0.1,0.6,10182.3
53810,20230706154300,0.3,1013.5,6,325,7.2,0.6,10460.2
53817,20230706154300,18.1,1002.9,47,323,9.9,1.1,10484.8
53903,20230706154300,1.9,1025.6,92,148,1.1,0.0,10414.3
53910,20230706154300,13.7,1007.4,61,245,12.4,1.2,10200.9
51886,20230706154300,7.5,1025.1,65,318,11.7,1.5,10052.8
52602,20230706154300,14.1,1022.7,80,272,6.1,0.3,10109.6
52633,20230706154300,6.1,1025.4,75,332,8.5,0.6,10305.8
52645,20230706154300,19.9,1008.8,87,26,9.4,0.2,10417.3
52657,20230706154300,21.8,1013.7,10,163,0.1,0.6,10244.4
52707,20230706154300,11.8,1024.4,72,179,9.9,1.1,10392.3
52713,20230706154300,6.0,1024.6,4,103,8.0,0.2,10473.2
52737,20230706154300,1.5,1013.4,99,336,1.4,1.0,10271.6
52754,20230706154300,15.8,1003.2,22,206,3.7,1.1,10475.6
52765,20230706154300,19.0,1020.0,66,320,13.1,0.8,10086.6
52818,20230706154300,33.0,1020.9,51,353,10.5,1.2,10330.0
52825,20230706154300,28.5,1002.9,71,252,0.3,0.7,10131.0
52833,20230706154300,1.8,1006.4,2,28,4.4,0.3,10170.0
52836,20230706154300,18.3,1010.9,35,133,11.4,0.7,10014.4
52842,20230706154300,9.6,1000.6,100,258,0.0,1.4,10485.9
52856,20230706154300,0.5,1000.0,48,192,3.9,0.8,10493.8
52866,20230706154300,19.5,1003.1,25,15,12.1,0.9,10247.7
52868,20230706154300,21.7,1013.0,10,80,7.5,0.3,10459.3
52876,20230706154300,34.1,1002.0,6,59,0.6,0.2,10106.2
52908,20230706154300,25.6,1014.7,79,133,6.2,1.3,10196.9
52943,20230706154300,20.4,1008.7,12,181,3.9,0.3,10437.0
52955,20230706154300,26.2,1007.3,72,189,6.3,1.4,10195.3
52974,20230706154300,24.0,1018.4,64,304,6.1,1.2,10299.7
56004,20230706154300,16.8,1019.3,19,276,10.0,0.3,10356.6
56018,20230706154300,1.4,1022.8,95,188,6.8,0.1,10004.9
56021,20230706154300,5.9,1019.2,61,41,8.0,1.3,10414.9
56029,20230706154300,4.5,1023.1,64,288,2.2,1.3,10475.0
56033,20230706154300,8.3,1011.5,52,181,3.5,0.5,10482.1
56034,20230706154300,13.5,1013.0,53,229,10.0,0.3,10347.0
56043,20230706154300,26.8,1025.0,24,297,3.2,0.9,10263.7
56046,20230706154300,16.4,1022.8,81,231,11.1,0.3,10463.8
56065,20230706154300,33.3,1019.8,81,36,3.5,1.1,10171.6
56067,20230706154300,7.0,1011.3,19,77,9.8,0.0,10442.1
56125,20230706154300,30.0,1020.4,14,359,0.4,0.8,10139.5
56151,20230706154300,33.8,1023.9,68,342,4.7,0.3,10436.1
54715,20230706154300,0.8,1003.8,10,253,7.1,0.5,10095.9
54725,20230706154300,0.9,1023.1,55,281,8.6,0.0,10014.7
54727,20230706154300,23.6,1024.6,75,96,14.5,0.7,10204.0
54744,20230706154300,25.2,1009.5,63,350,6.5,0.3,10126.7
54751,20230706154300,16.4,1014.5,50,345,10.3,0.0,10006.7
54753,20230706154300,27.7,1007.6,38,318,3.9,1.2,10055.1
54764,20230706154300,17.5,1002.8,75,301,5.6,0.8,10151.7
54774,20230706154300,15.2,1025.0,40,156,5.1,1.3,10284.6
54776,20230706154300,16.8,1010.5,96,264,3.1,1.0,10454.5
54808,20230706154300,13.6,1010.3,1,105,5.4,0.0,10477.6
54823,20230706154300,29.4,1025.0,43,211,12.5,0.5,10026.7
54826,20230706154300,33.2,1020.5,81,286,9.5,1.2,10326.5
54836,20230706154300,4.8,1024.4,8,28,2.4,0.4,10043.4
54842,20230706154300,30.7,1007.6,6,166,11.9,1.4,10379.0
54843,20230706154300,17.4,1022.0,37,200,8.2,0.6,10140.2
54857,20230706154300,15.9,1011.9,88,171,12.9,0.3,10491.9
54863,20230706154300,32.7,1010.2,29,227,10.8,0.0,10393.7
54909,20230706154300,3.4,1026.3,87,14,8.4,0.3,10181.5
54916,20230706154300,5.4,1006.0,72,70,1.7,1.0,10124.6
54929,20230706154300,10.1,1024.5,86,290,14.0,0.6,10150.7
54936,20230706154300,17.1,1010.7,95,28,14.1,0.3,10447.5
54945,20230706154300,4.9,1008.8,50,96,2.1,0.5,10154.4
58034,20230706154300,30.7,1004.7,54,181,5.4,0.5,10306.0
53478,20230706154300,27.1,1007.4,41,72,10.6,0.3,10131.8
53487,20230706154300,9.6,1013.4,36,58,10.6,0.8,10277.8
53490,20230706154300,30.0,1011.8,69,159,0.6,1.4,10424.8
53564,20230706154300,22.9,1008.1,64,87,9.4,1.5,10425.6
53578,20230706154300,5.0,1025.5,97,122,1.1,0.1,10306.3
53579,20230706154300,6.7,1003.6,75,34,10.7,1.4,10498.3
53588,20230706154300,1.4,1007.2,44,4,8.0,0.1,10313.1
53594,20230706154300,33.9,1008.0,82,158,2.7,0.8,10485.4
53663,20230706154300,17.3,1001.5,8,253,2.7,1.0,10236.8
53664,20230706154300,18.8,1006.7,39,215,8.6,0.7,10226.2
53673,20230706154300,34.3,1011.7,95,309,0.1,0.0,10061.3
53687,20230706154300,28.1,1023.4,45,40,3.6,0.8,10229.7
53764,20230706154300,26.5,1023.1,85,18,12.8,0.6,10041.1
53772,20230706154300,25.5,1019.9,97,223,11.2,0.1,10471.1
53775,20230706154300,14.8,1006.1,39,353,9.5,0.6,10265.2
53787,20230706154300,34.6,1000.7,38,267,9.3,0.5,10305.4
53853,20230706154300,2.9,1009.0,39,35,3.2,1.5,10195.0
53859,20230706154300,11.0,1016.5,70,76,1.4,0.5,10201.5
53863,20230706154300,12.8,1009.1,60,158,11.9,1.1,10453.5
53868,20230706154300,26.4,1022.5,22,10,13.9,1.5,10450.9
53877,20230706154300,23.4,1013.3,61,45,3.8,0.5,10417.3
53882,20230706154300,2.2,1007.2,27,95,7.4,0.3,10339.9
53884,20230706154300,23.9,1009.6,51,139,14.5,0.9,10392.8
53959,20230706154300,26.4,1008.1,98,149,6.3,0.9,10341.2
53963,20230706154300,30.2,1007.0,59,298,12.5,1.5,10321.7
53968,20230706154300,11.6,1007.6,93,128,13.1,1.4,10066.7
53975,20230706154300,10.5,1024.9,87,76,13.6,0.1,10189.0
57052,20230706154300,8.1,1019.1,27,327,12.2,0.4,10248.3
53646,20230706154300,13.7,1007.0,3,311,13.7,0.9,10392.4
53651,20230706154300,11.3,1013.5,74,179,3.3,0.8,10318.8
53725,20230706154300,26.4,1009.0,39,130,4.0,0.5,10475.7
53735,20230706154300,12.8,1007.4,19,291,13.0,0.0,10216.6
53738,20230706154300,30.4,1009.5,93,121,7.5,0.3,10231.3
53740,20230706154300,21.3,1017.8,16,138,8.5,0.2,10218.9
53754,20230706154300,11.9,1012.5,49,73,7.1,1.1,10053.0
53845,20230706154300,26.3,1007.0,21,331,0.9,0.8,10405.8
53854,20230706154300,24.2,1003.4,44,166,10.1,1.5,10366.1
53929,20230706154300,17.7,1010.3,21,262,1.7,0.2,10429.4
53942,20230706154300,20.2,1009.6,10,303,13.8,1.3,10293.9
53948,20230706154300,26.1,1003.9,80,304,2.6,0.6,10046.8
53955,20230706154300,28.7,1011.0,86,249,10.6,0.2,10430.1
57003,20230706154300,20.7,1019.4,51,196,14.8,0.0,10325.7
57025,20230706154300,26.5,1005.5,74,319,11.8,0.7,10097.2
57028,20230706154300,15.7,1022.5,58,68,1.6,0.4,10001.1
57030,20230706154300,19.4,1019.5,22,241,0.0,1.0,10312.2
57034,20230706154300,5.8,1010.9,99,335,6.3,1.1,10157.6
57037,20230706154300,1.3,1010.6,1,308,3.4,0.1,10400.1
57046,20230706154300,0.2,1003.2,46,161,14.9,1.1,10428.4
57048,20230706154300,21.7,1003.2,3,251,7.2,1.1,10363.4
57049,20230706154300,2.4,1000.9,43,222,0.5,0.3,10325.6
57106,20230706154300,7.1,1019.4,29,264,5.7,0.0,10060.4
57124,20230706154300,29.1,1019.4,62,244,13.4,1.2,10419.5
57127,20230706154300,28.3,1012.8,51,171,8.0,1.4,10490.2
57131,20230706154300,20.5,1023.8,98,29,13.9,0.3,10035.7
57134,20230706154300,4.5,1016.2,31,176,1.8,0.4,10332.9
57140,20230706154300,7.6,1002.7,26,189,7.4,0.6,10359.3
57143,20230706154300,25.8,1008.9,6,183,0.7,1.0,10206.2
57144,20230706154300,19.0,1023.4,88,225,13.9,0.4,10466.7
57154,20230706154300,32.8,1000.8,11,115,0.2,1.2,10338.1
57211,20230706154300,22.3,1015.3,43,201,7.3,0.9,10229.8
57232,20230706154300,24.9,1015.7,15,339,3.8,1.5,10096.6
57238,20230706154300,14.8,1006.8,26,20,5.2,1.4,10128.0
57245,20230706154300,29.3,1007.9,25,192,7.4,0.6,10488.2
57343,20230706154300,27.9,1014.7,85,284,2.1,0.3,10435.2
58362,20230706154300,9.4,1016.4,45,203,13.8,1.1,10074.7
56038,20230706154300,22.9,1006.1,46,139,5.0,1.3,10348.3
56079,20230706154300,20.4,1000.1,65,68,10.8,0.7,10195.9
56144,20230706154300,3.4,1012.2,90,33,2.0,1.4,10258.2
56146,20230706154300,24.3,1009.9,6,59,14.6,1.4,10434.6
56152,20230706154300,33.4,1004.4,25,145,9.6,1.2,10318.5
56167,20230706154300,29.8,1000.4,88,142,7.7,1.5,10223.6
56172,20230706154300,28.5,1003.2,49,60,0.4,1.4,10062.5
56173,20230706154300,2.6,1010.0,29,199,6.0,0.5,10172.9
56178,20230706154300,25.6,1005.0,7,182,10.5,1.2,10224.8
56182,20230706154300,0.3,1003.4,67,1,3.5,0.0,10400.1
56187,20230706154300,31.2,1015.9,44,20,12.6,0.0,10074.0
56188,20230706154300,28.1,1019.0,91,79,9.1,0.0,10070.9
56196,20230706154300,0.3,1023.1,9,229,3.1,1.0,10149.8
56247,20230706154300,3.6,1012.5,84,239,0.1,0.0,10489.4
56251,20230706154300,8.8,1018.6,87,51,2.5,1.0,10230.9
56257,20230706154300,30.4,1005.3,65,305,7.1,0.4,10301.9
56287,20230706154300,16.2,1013.7,92,125,4.3,0.1,10027.4
56357,20230706154300,2.6,1007.7,62,315,7.9,0.9,10182.7
56374,20230706154300,3.1,1024.6,18,259,9.9,1.1,10231.5
56385,20230706154300,17.6,1019.0,21,230,9.5,0.4,10240.2
56386,20230706154300,1.6,1023.8,24,268,3.2,0.7,10295.0
56459,20230706154300,22.7,1011.7,33,133,12.1,0.9,10360.7
56462,20230706154300,25.1,1014.9,3,94,10.7,1.4,10189.0
56475,20230706154300,5.6,1004.3,5,172,7.8,1.3,10441.2
56479,20230706154300,12.3,1011.6,81,70,13.9,1.0,10113.7
56485,20230706154300,32.3,1006.0,12,50,10.4,0.7,10414.6
56492,20230706154300,22.6,1015.7,89,67,3.8,0.3,10146.6
56565,20230706154300,4.5,1000.0,77,73,14.8,1.0,10279.6
56571,20230706154300,7.8,1020.7,72,173,5.8,0.3,10232.9
56666,20230706154300,34.9,1013.4,18,142,7.6,1.0,10379.8
56671,20230706154300,13.2,1000.8,15,128,6.8,0.7,10265.9
57206,20230706154300,25.6,1020.0,95,42,7.7,0.7,10275.2
57237,20230706154300,22.5,1002.5,84,165,1.9,1.0,10202.5
57306,20230706154300,22.9,1008.9,99,288,11.8,1.2,10448.7
57313,20230706154300,14.6,1008.8,84,118,13.2,0.6,10195.8
57314,20230706154300,0.0,1002.5,4,118,0.8,1.5,10441.4
57328,20230706154300,3.5,1002.1,22,273,1.3,0.5,10293.5
57405,20230706154300,18.3,1009.0,79,12,4.6,0.8,10392.6
57411,20230706154300,26.6,1018.5,85,222,11.9,1.0,10254.6
57503,20230706154300,10.3,1011.3,73,165,13.5,0.6,10112.1
57604,20230706154300,14.3,1011.7,81,161,3.3,0.0,10228.0
57608,20230706154300,4.6,1003.6,45,259,7.3,0.2,10354.0
54525,20230706154300,21.9,1009.1,46,245,14.8,0.8,10119.4
54527,20230706154300,31.9,1016.8,8,284,3.6,1.1,10093.0
54623,20230706154300,12.2,1000.8,63,277,2.2,0.1,10277.3
55228,20230706154300,25.5,1010.6,0,124,8.2,0.9,10007.5
55248,20230706154300,5.6,1011.8,2,327,5.1,0.4,10140.7
55279,20230706154300,29.9,1005.8,73,301,11.1,0.0,10450.3
55294,20230706154300,14.8,1013.7,1,42,11.7,0.8,10017.0
55299,20230706154300,14.0,1017.9,0,157,7.2,0.6,10165.2
55437,20230706154300,10.6,1016.5,5,324,7.0,0.0,10413.2
55472,20230706154300,2.3,1023.5,14,163,4.0,0.9,10204.9
55493,20230706154300,20.1,1009.3,30,51,11.2,1.2,10295.6
55569,20230706154300,22.9,1002.9,93,31,14.5,0.3,10289.8
55578,20230706154300,11.7,1011.8,69,176,0.9,0.7,10012.8
55585,20230706154300,8.1,1001.1,38,275,6.3,0.9,10222.4
55591,20230706154300,10.3,1005.8,58,216,4.3,1.5,10200.2
55598,20230706154300,15.7,1008.0,44,46,3.6,0.6,10001.3
55655,20230706154300,3.4,1022.8,65,53,11.7,0.1,10394.6
55664,20230706154300,22.8,1011.6,82,31,8.7,0.2,10133.5
55680,20230706154300,15.2,1003.5,88,117,11.5,1.4,10355.2
55681,20230706154300,10.8,1007.6,55,95,8.8,1.1,10247.0
55690,20230706154300,2.6,1024.6,26,80,12.7,1.4,10473.0
55696,20230706154300,29.6,1022.1,12,114,10.7,1.3,10318.7
55773,20230706154300,9.6,1006.6,83,328,7.6,0.4,10381.2
56106,20230706154300,14.1,1003.9,94,191,12.5,0.4,10442.1
56116,20230706154300,26.3,1016.7,71,269,12.0,1.5,10388.5
56137,20230706154300,34.7,1016.3,97,33,3.1,0.7,10115.9
56202,20230706154300,23.8,1002.3,35,256,11.1,0.9,10320.4
56223,20230706154300,3.7,1024.0,55,340,4.4,0.0,10193.6
56227,20230706154300,22.1,1004.9,11,164,7.1,0.4,10017.7
56312,20230706154300,4.1,1012.0,25,311,5.1,1.2,10054.9
56331,20230706154300,23.2,1010.9,83,333,14.2,0.9,10394.0
56434,20230706154300,30.3,1019.8,96,222,9.5,1.1,10114.8
51053,20230706154300,34.2,1021.7,90,233,2.1,0.6,10248.9
51059,20230706154300,29.2,1019.4,67,6,10.6,0.0,10368.6
51060,20230706154300,10.7,1002.0,19,262,10.9,0.9,10039.4
51068,20230706154300,25.4,1013.3,82,189,6.8,0.6,10491.3
51076,20230706154300,6.6,1001.2,81,348,6.9,1.2,10247.7
51087,20230706154300,29.3,1017.7,22,47,9.3,0.3,10162.5
51133,20230706154300,5.2,1017.4,83,19,4.9,0.8,10383.3
51156,20230706154300,1.1,1013.6,84,215,13.2,0.5,10297.6
51186,20230706154300,0.0,1015.5,97,356,2.9,1.5,10156.9
51232,20230706154300,29.9,1013.8,50,32,10.7,0.9,10497.3
51238,20230706154300,30.3,1000.5,22,55,6.6,0.7,10099.6
51241,20230706154300,21.8,1012.7,24,319,12.1,0.8,10469.6
51243,20230706154300,25.3,1006.6,34,205,14.9,0.3,10306.5
51288,20230706154300,2.8,1022.5,43,329,7.3,0.0,10472.3
51330,20230706154300,8.2,1024.3,88,5,8.5,1.4,10395.4
51334,20230706154300,15.3,1004.9,78,311,4.9,1.1,10425.2
51346,20230706154300,27.0,1005.2,71,355,0.1,1.5,10131.0
51358,20230706154300,20.0,1011.7,74,208,10.2,1.3,10264.4
51365,20230706154300,2.7,1021.0,70,99,2.5,1.2,10146.8
51367,20230706154300,11.0,1019.3,0,134,12.0,1.2,10413.0
51379,20230706154300,17.1,1008.4,96,91,4.7,0.0,10222.8
51431,20230706154300,0.0,1021.2,78,310,14.9,0.1,10045.3
51433,20230706154300,5.3,1010.0,23,102,1.7,0.4,10481.1
51437,20230706154300,9.3,1019.7,90,25,11.1,0.0,10492.4
51463,20230706154300,13.3,1015.6,84,264,6.2,0.9,10060.8
51467,20230706154300,20.9,1003.3,98,51,1.1,1.5,10458.2
51469,20230706154300,11.2,1016.6,0,216,7.8,0.0,10159.9
51470,20230706154300,9.6,1020.0,58,341,12.3,1.1,10067.8
51477,20230706154300,33.4,1018.3,68,299,0.1,1.1,10257.3
51495,20230706154300,1.3,1005.9,9,45,7.7,0.7,10450.3
51526,20230706154300,34.0,1021.1,73,353,11.5,0.2,10185.0
51542,20230706154300,19.5,1010.0,18,71,9.3,0.0,10153.8
51567,20230706154300,31.6,1019.9,20,52,6.9,0.1,10128.4
51573,20230706154300,2.0,1025.6,90,134,7.0,0.8,10187.5
51581,20230706154300,24.9,1011.9,32,340,9.7,1.3,10042.6
51628,20230706154300,26.4,1001.0,36,90,2.8,1.3,10030.9
51633,20230706154300,32.1,1024.2,13,37,14.7,0.9,10031.1
51639,20230706154300,26.6,1004.1,40,9,11.2,1.0,10433.5
51642,20230706154300,13.4,1021.0,0,283,2.1,1.3,10418.4
51644,20230706154300,32.0,1014.0,45,195,8.0,0.2,10166.0
51655,20230706154300,31.0,1007.6,48,341,11.3,0.4,10043.5
51656,20230706154300,21.2,1009.6,33,191,8.7,0.3,10135.8
51701,20230706154300,14.9,1003.5,9,43,9.7,0.1,10253.6
51704,20230706154300,6.8,1004.8,0,199,10.3,1.1,10159.8
51705,20230706154300,28.6,1002.0,63,96,11.1,0.5,10126.1
51709,20230706154300,7.7,1010.4,56,49,7.7,1.2,10053.4
51711,20230706154300,1.5,1018.4,26,356,10.7,0.7,10461.8
51716,20230706154300,30.4,1009.0,55,165,4.1,0.5,10141.2
51720,20230706154300,9.4,1019.3,55,252,2.4,1.3,10206.0
51730,20230706154300,13.7,1016.7,20,14,10.8,1.1,10046.1
51747,20230706154300,28.6,1008.9,42,283,10.1,0.1,10428.4
51765,20230706154300,30.8,1000.3,87,112,3.1,0.6,10186.1
51777,20230706154300,12.2,1022.3,6,328,13.6,1.5,10371.7
51804,20230706154300,1.2,1009.6,57,190,1.1,1.3,10290.4
51810,20230706154300,27.1,1016.3,58,199,8.0,0.5,10093.8
51811,20230706154300,13.1,1005.0,48,171,8.0,0.1,10215.9
51818,20230706154300,16.1,1015.8,64,303,0.8,1.0,10288.9
51828,20230706154300,4.4,1024.8,76,267,6.6,1.5,10418.1
51839,20230706154300,2.7,1008.5,71,9,9.8,0.2,10111.2
51855,20230706154300,33.0,1012.0,68,283,1.7,0.5,10469.9
51931,20230706154300,34.7,1011.7,17,179,11.2,1.1,10295.8
52101,20230706154300,32.0,1007.2,0,107,10.7,1.5,10406.5
52112,20230706154300,27.4,1013.0,3,3,9.2,1.2,10397.6
52118,20230706154300,4.1,1018.1,40,323,0.3,0.0,10207.4
52203,20230706154300,12.0,1007.7,37,230,1.1,0.7,10453.8
52313,20230706154300,12.4,1012.5,36,356,2.0,1.4,10205.9
56444,20230706154300,2.7,1023.0,55,301,8.6,1.2,10110.3
56533,20230706154300,27.8,1016.7,79,61,14.5,0.2,10416.6
56543,20230706154300,0.1,1015.9,77,63,1.3,1.3,10273.8
56548,20230706154300,17.5,1006.3,50,21,4.5,0.2,10319.5
56586,20230706154300,16.5,1017.0,69,223,11.5,0.6,10360.6
56643,20230706154300,25.3,1013.8,34,184,7.2,0.3,10385.5
56651,20230706154300,21.9,1005.4,1,320,5.4,0.6,10076.8
56664,20230706154300,31.9,1015.0,70,114,10.5,0.4,10496.3
56684,20230706154300,5.2,1003.3,47,320,10.0,0.2,10019.6
56739,20230706154300,11.7,1011.3,78,101,0.3,0.9,10169.6
56748,20230706154300,2.7,1010.3,45,307,1.9,0.1,10200.5
56751,20230706154300,17.5,1005.5,73,65,3.7,0.9,10268.1
56763,20230706154300,34.2,1003.1,48,37,14.1,0.4,10024.9
56768,20230706154300,9.1,1005.3,22,268,1.6,0.7,10365.2
56778,20230706154300,22.2,1004.5,56,169,3.8,0.9,10282.8
56786,20230706154300,16.0,1003.7,14,175,4.7,0.3,10176.1
56838,20230706154300,33.7,1005.3,68,9,10.9,0.7,10429.4
56856,20230706154300,30.0,1025.2,89,213,4.7,0.7,10020.0
56872,20230706154300,31.3,1024.3,68,97,3.3,0.2,10081.0
56875,20230706154300,12.2,1015.5,20,234,6.7,1.5,10115.3
56886,20230706154300,26.6,1025.5,17,3,7.3,1.4,10058.7
56946,20230706154300,33.5,1018.0,70,357,3.2,0.7,10387.4
56950,20230706154300,22.9,1013.6,87,344,11.1,0.8,10006.5
56951,20230706154300,34.5,1017.1,34,329,3.1,1.2,10002.0
56954,20230706154300,20.0,1006.8,72,249,9.5,0.6,10317.1
56959,20230706154300,12.0,1018.6,94,335,3.1,0.5,10321.1
56964,20230706154300,6.5,1018.4,41,66,7.2,0.5,10436.3
56966,20230706154300,28.4,1012.3,4,149,13.2,1.0,10400.0
56969,20230706154300,21.5,1023.9,50,336,11.4,0.5,10489.0
56977,20230706154300,5.9,1004.0,92,40,14.6,0.7,10276.4
56985,20230706154300,13.0,1003.4,29,195,13.0,1.2,10366.2
56986,20230706154300,25.4,1014.0,91,258,5.9,1.4,10115.5
56991,20230706154300,14.3,1010.1,79,188,2.0,1.4,10111.8
59007,20230706154300,23.7,1000.8,43,306,14.8,0.3,10090.5
58448,20230706154300,24.6,1002.7,98,186,13.6,1.4,10166.1
58450,20230706154300,21.8,1017.5,90,32,4.0,0.5,10398.2
58457,20230706154300,5.1,1004.3,82,34,13.9,0.8,10256.9
58464,20230706154300,16.1,1019.1,92,338,12.4,0.9,10040.3
58467,20230706154300,32.4,1003.4,5,251,10.6,0.9,10215.7
58472,20230706154300,9.4,1002.8,48,162,6.3,1.5,10306.0
58477,20230706154300,30.3,1026.0,43,67,2.5,0.0,10180.2
58543,20230706154300,1.6,1023.6,83,180,11.2,0.8,10112.4
58549,20230706154300,33.9,1007.9,20,35,4.5,0.3,10399.4
58553,20230706154300,10.1,1024.5,30,55,4.8,0.7,10359.6
58556,20230706154300,11.1,1021.5,68,207,10.7,0.9,10455.8
58557,20230706154300,23.5,1018.9,96,101,1.7,0.4,10016.1
58562,20230706154300,28.1,1010.2,34,312,5.3,1.1,10047.4
58569,20230706154300,29.8,1012.9,42,181,9.5,1.4,10272.4
58633,20230706154300,29.5,1006.9,4,247,8.1,0.8,10499.6
58646,20230706154300,9.0,1004.6,79,35,8.2,1.5,10066.8
58652,20230706154300,10.1,1006.1,42,243,8.3,1.0,10229.2
58665,20230706154300,3.8,1004.1,68,38,6.2,1.0,10135.9
58666,20230706154300,30.9,1007.2,59,15,10.8,0.4,10398.5
58667,20230706154300,14.1,1014.8,87,92,0.6,0.4,10415.0
58742,20230706154300,3.9,1003.8,77,300,2.7,0.3,10015.1
58752,20230706154300,16.2,1005.0,95,51,14.1,0.2,10257.7
58760,20230706154300,20.4,1015.6,21,143,8.1,1.2,10402.8
57348,20230706154300,34.1,1019.1,40,183,2.4,0.0,10061.8
57426,20230706154300,18.2,1011.8,49,261,2.4,0.3,10147.2
57432,20230706154300,25.1,1015.6,57,325,4.1,1.2,10249.1
57502,20230706154300,3.3,1017.1,11,207,9.9,1.5,10448.8
57512,20230706154300,23.2,1002.0,92,84,13.6,0.9,10270.7
57516,20230706154300,21.2,1000.6,11,55,3.6,0.8,10470.5
57517,20230706154300,16.2,1023.1,38,245,8.7,0.0,10101.5
 57520,20230706154300,12.9,1023.5,20,4,5.3,0.5,10216.2
57523,20230706154300,0.5,1022.2,17,167,6.8,1.4,10452.9
57536 ,20230706154300,0.6,1014.9,78,319,1.0,0.4,10442.4
57612,20230706154300,4.8,1013.2,23,23,2.8,0.1,10247.3
57633,20230706154300,21.6,1025.3,34,207,9.5,1.1,10335.2
